{
    "context_size": 4,
    "embedding_dim": 300,
    "batch_size": 512,
    "learning_rate": 0.001,
    "num_negatives": 10,
    "epochs": 10,
    "train_loss": 2.921520613023717,
    "val_loss": 3.3252002596855164
}